0,1,2,3,4,5,6,7,8,9,10
7461,100,0,False,0,0,0,0,False,False,False
7521,100,0,False,0,0,0,0,False,False,False
7581,100,0,False,0,0,0,0,False,False,False
7641,100,0,False,0,0,0,0,False,False,False
7701,100,0,False,0,0,0,0,False,False,False
7761,100,0,False,0,0,0,0,False,False,False
7821,100,0,False,0,0,0,0,False,False,False
7881,100,0,False,0,0,0,0,False,False,False
7941,100,0,False,0,0,0,0,False,False,False
8001,100,0,False,0,0,0,0,False,False,False
8061,100,0,False,0,0,0,0,False,False,False
8121,100,0,False,0,0,0,0,False,False,False
8181,100,0,False,0,0,0,0,False,False,False
8241,100,0,False,0,0,0,0,False,False,False
8301,100,0,False,0,0,0,0,False,False,False
8361,100,0,False,0,0,0,0,False,False,False
11181,100,100,True,1,0,0,0,False,False,False
11241,100,100,True,1,0,0,0,False,False,False
11301,100,100,True,1,0,0,0,False,False,False
11361,100,100,True,1,0,0,0,False,False,False
11421,100,100,True,1,0,0,0,False,False,False
11481,100,100,True,1,0,0,0,False,False,False
11541,100,100,True,1,0,0,0,False,False,False
11601,100,100,True,1,0,0,0,False,False,False
11661,100,100,True,1,0,0,0,False,False,False
11721,100,100,True,1,0,0,0,False,False,False
11781,100,100,True,1,0,0,0,False,False,False
11841,100,100,True,1,0,0,0,False,False,False
11901,100,100,True,1,0,0,0,False,False,False
11961,100,100,True,1,0,0,0,False,False,False
12021,100,100,True,1,0,0,0,False,False,False
12081,100,100,True,1,0,0,0,False,False,False
12141,100,100,True,1,0,0,0,False,False,False
12201,100,100,True,1,0,0,0,False,False,False
12261,100,100,True,1,0,0,0,False,False,False
12321,100,100,True,1,0,0,0,False,False,False
12381,100,100,True,1,0,0,0,False,False,False
12441,100,100,True,1,0,0,0,False,False,False
12501,100,100,True,1,0,0,0,False,False,False
12561,100,100,True,1,0,0,0,False,False,False
12621,100,100,True,1,0,0,0,False,False,False
12681,100,100,True,1,0,0,0,False,False,False
12741,100,100,True,1,0,0,0,False,False,False
12801,100,100,True,1,0,0,0,False,False,False
12861,100,100,True,1,0,0,0,False,False,False
12921,100,100,True,1,0,0,0,False,False,False
12981,100,100,True,1,0,0,0,False,False,False
13041,100,100,True,1,0,0,0,False,False,False
13101,100,100,True,1,0,0,0,False,False,False
13161,100,100,True,1,0,0,0,False,False,False
13221,80,98,True,1,0,0,0,False,False,False
13281,55,95,True,1,0,0,0,False,False,False
13341,55,95,True,1,0,0,0,False,False,False
13401,35,93,True,1,0,0,0,False,False,False
13461,35,93,True,1,0,0,0,False,False,False
13521,35,93,True,1,0,0,0,False,False,False
13581,35,93,True,1,0,0,0,False,False,False
13641,35,93,True,1,0,0,0,False,False,False
13701,35,93,True,1,0,0,0,False,False,False
13761,35,93,True,1,0,0,0,False,False,False
13821,35,93,True,1,0,0,0,False,False,False
13881,35,93,True,1,0,0,0,False,False,False
13941,35,93,True,1,0,0,0,False,False,False
14001,14,90,True,1,0,0,0,False,False,False
14061,14,90,True,1,0,0,0,False,False,False
14121,14,90,True,1,0,0,0,False,False,False
16341,100,100,True,1,1,1,1,True,False,False
16401,100,100,True,1,1,1,1,True,False,False
16461,100,100,True,1,1,1,1,True,False,False
16521,100,100,True,1,1,1,1,True,False,False
16581,100,100,True,1,1,1,1,True,False,False
16641,100,100,True,1,1,1,1,True,False,False
16701,100,100,True,1,1,1,1,True,False,False
16761,100,100,True,1,1,1,1,True,False,False
16821,100,100,True,1,1,1,1,True,False,False
16881,100,100,True,1,1,1,1,True,False,False
16941,100,100,True,1,1,1,1,True,False,False
17001,100,100,True,1,1,1,1,True,False,False
17061,100,100,True,1,1,1,1,True,False,False
17121,100,100,True,1,1,1,1,True,False,False
17181,100,100,True,1,1,1,1,True,False,False
17241,100,100,True,1,1,1,1,True,False,False
17301,100,100,True,1,1,1,1,True,False,False
17361,100,100,True,1,1,1,1,True,False,False
17421,100,100,True,1,1,1,1,True,False,False
17481,100,100,True,1,1,1,1,True,False,False
17541,100,100,True,1,1,1,1,True,False,False
17601,100,100,True,1,1,1,1,True,False,False
17661,100,100,True,1,1,1,1,True,False,False
17721,100,100,True,1,1,1,1,True,False,False
17781,100,100,True,1,1,1,1,True,False,False
17841,100,100,True,1,1,1,1,True,False,False
17901,100,100,True,1,1,1,1,True,False,False
17961,100,100,True,1,1,1,1,True,False,False
18021,100,100,True,1,1,1,1,True,False,False
18081,100,100,True,1,1,1,1,True,False,False
18141,100,100,True,1,1,1,1,True,False,False
18201,100,100,True,1,1,1,1,True,False,False
18261,100,100,True,1,1,1,1,True,False,False
18321,100,100,True,1,1,1,1,True,False,False
18381,100,100,True,0,1,1,1,True,False,False
18441,100,100,True,0,1,1,1,True,False,False
18501,100,100,True,0,1,1,1,True,False,False
18561,100,100,True,0,1,1,1,True,False,False
18621,100,100,True,0,1,1,1,True,False,False
18681,100,100,True,0,1,1,1,True,False,False
18741,100,100,True,0,1,1,1,True,False,False
18801,100,100,True,0,1,1,1,True,False,False
18861,100,100,True,0,1,1,1,True,False,False
18921,100,100,True,0,1,1,1,True,False,False
18981,100,100,True,0,1,1,1,True,False,False
19041,100,100,True,0,1,1,1,True,False,False
19101,100,100,True,0,1,1,1,True,False,False
19161,100,100,True,0,1,1,1,True,False,False
19221,100,100,True,0,1,1,1,True,False,False
19281,100,100,True,0,1,1,1,True,False,False
19341,100,100,True,0,1,1,1,True,False,False
19401,100,100,True,0,1,1,1,True,False,False
19461,100,100,True,0,1,1,1,True,False,False
19521,100,100,True,0,1,1,1,True,False,False
19581,100,100,True,0,1,1,1,True,False,False
21801,100,100,True,1,1,1,1,True,False,False
21861,100,100,True,1,1,1,1,True,False,False
21921,100,100,True,1,1,1,1,True,False,False
21981,100,100,True,1,1,1,1,True,False,False
22041,100,100,True,1,1,1,1,True,False,False
22101,100,100,True,1,1,1,1,True,False,False
22161,100,100,True,1,1,1,1,True,False,False
22221,100,100,True,1,1,1,1,True,False,False
22281,100,100,True,1,1,1,1,True,False,False
22341,100,100,True,1,1,1,1,True,False,False
22401,100,100,True,1,1,1,1,True,False,False
22461,100,100,True,1,1,1,1,True,False,False
22521,100,100,True,1,1,1,1,True,False,False
22581,100,100,True,1,1,1,1,True,False,False
22641,100,100,True,1,1,1,1,True,False,False
22701,100,100,True,1,1,0,1,True,False,False
22761,100,100,True,1,1,0,1,True,False,False
22821,100,100,True,1,1,0,1,True,False,False
22881,100,100,True,1,1,0,1,True,False,False
22941,100,100,True,1,1,0,1,True,False,False
23001,100,100,True,1,1,0,1,True,False,False
23061,100,100,True,1,1,0,1,True,False,False
23121,100,100,True,1,1,0,1,True,False,False
23181,100,100,True,1,1,0,1,True,False,False
23241,100,100,True,1,1,0,1,True,False,False
23301,100,100,True,1,1,0,1,True,False,False
23361,100,100,True,1,1,0,1,True,False,False
23421,100,100,True,1,1,0,1,True,False,False
23481,100,100,True,0,1,0,1,True,False,False
23541,100,100,True,0,1,0,1,True,False,False
23601,100,100,True,0,1,0,1,True,False,False
23661,100,100,True,0,1,0,1,True,False,False
23721,100,100,True,0,1,0,1,True,False,False
23781,100,100,True,0,1,0,1,True,False,False
23841,100,100,True,0,1,0,1,True,False,False
23901,100,100,True,0,1,0,1,True,False,False
23961,100,100,True,0,1,0,1,True,False,False
24021,100,100,True,0,1,0,1,True,False,False
24081,100,100,True,0,1,0,1,True,False,False
24141,100,100,True,0,1,0,1,True,False,False
24201,100,100,True,0,1,0,1,True,False,False
24261,100,100,True,0,1,0,1,True,False,False
24321,100,100,True,0,1,0,1,True,False,False
24381,100,100,True,0,1,0,1,True,False,False
24441,100,100,True,0,1,0,1,True,False,False
24501,100,100,True,0,1,0,1,True,False,False
24561,100,100,True,0,1,0,1,True,False,False
24621,100,100,True,0,1,0,1,True,False,False
24681,100,100,True,0,1,0,1,True,False,False
24741,100,100,True,0,1,0,1,True,False,False
24801,100,100,True,0,1,0,1,True,False,False
24861,100,100,True,0,1,0,1,True,False,False
24921,100,100,True,0,1,0,1,True,False,False
24981,100,100,True,0,1,0,1,True,False,False
25041,100,100,True,0,1,0,1,True,False,False
25101,100,100,True,0,1,0,1,True,False,False
25161,100,100,True,0,1,0,1,True,False,False
25221,100,100,True,0,1,0,1,True,False,False
25281,100,100,True,0,1,0,1,True,False,False
25341,100,100,True,0,1,0,1,True,False,False
25401,100,100,True,0,1,0,1,True,False,False
25461,100,100,True,0,1,0,1,True,False,False
25521,100,100,True,0,1,0,1,True,False,False
25581,100,100,True,0,1,0,1,True,False,False
25641,100,100,True,0,1,0,1,True,False,False
25701,100,100,True,0,1,0,1,True,False,False
25761,100,100,True,0,1,0,1,True,False,False
25821,100,100,True,0,1,0,1,True,False,False
25881,100,100,True,0,1,0,1,True,False,False
25941,100,100,True,0,1,0,1,True,False,False
26001,100,100,True,0,1,0,1,True,False,False
26061,100,100,True,0,1,0,1,True,False,False
26121,100,100,True,0,1,0,1,True,False,False
26181,100,100,True,0,1,0,1,True,False,False
26241,100,100,True,0,1,0,1,True,False,False
26301,100,100,True,0,1,0,1,True,False,False
26361,100,100,True,0,1,0,1,True,False,False
26421,100,100,True,0,1,0,1,True,False,False
26481,100,100,True,0,1,0,1,True,False,False
26541,100,100,True,0,1,0,1,True,False,False
36741,100,100,True,1,1,1,1,True,False,False
36801,100,100,True,1,1,1,1,True,False,False
36861,100,100,True,1,1,1,1,True,False,False
36921,100,100,True,1,1,1,1,True,False,False
36981,100,100,True,1,1,1,1,True,False,False
37041,100,100,True,1,1,1,1,True,False,False
37101,100,100,True,1,1,1,1,True,False,False
37161,100,100,True,1,1,1,1,True,False,False
37221,100,100,True,1,1,1,1,True,False,False
37281,100,100,True,1,1,1,1,True,False,False
37341,100,100,True,1,1,1,1,True,False,False
37401,100,100,True,1,1,1,1,True,False,False
37461,100,100,True,1,1,1,1,True,False,False
37521,100,100,True,1,1,1,1,True,False,False
37581,100,100,True,1,1,1,1,True,False,False
37641,100,100,True,1,1,1,1,True,False,False
37701,100,100,True,1,1,1,1,True,False,False
37761,100,100,True,1,1,1,1,True,False,False
37821,100,100,True,1,1,1,1,True,False,False
37881,100,100,True,1,1,1,1,True,False,False
37941,100,100,True,1,1,1,1,True,False,False
38001,100,100,True,1,1,1,1,True,False,False
38061,100,100,True,1,1,1,1,True,False,False
38121,100,100,True,1,1,1,1,True,False,False
38181,100,100,True,1,1,1,1,True,False,False
38241,100,100,True,1,1,1,1,True,False,False
38301,100,100,True,1,1,1,1,True,False,False
38361,100,100,True,1,1,1,1,True,False,False
38421,100,100,True,1,1,1,1,True,False,True
38481,100,100,True,1,1,1,1,True,False,True
41901,100,100,False,1,0,1,1,False,False,False
41961,100,100,False,1,0,1,1,False,False,False
42021,100,100,False,1,0,1,1,False,False,False
42081,100,100,False,1,0,1,1,False,False,False
42141,100,100,False,1,0,1,1,False,False,False
42201,100,100,False,1,0,1,1,False,False,False
42261,100,100,False,1,0,1,1,False,False,False
42321,100,100,False,1,0,1,1,False,False,False
42381,100,100,False,1,0,1,1,False,False,False
42441,100,100,False,1,0,1,1,False,False,False
42501,100,100,False,1,0,1,0,False,False,False
42561,100,100,False,1,0,1,0,False,False,False
42621,100,100,False,1,0,1,0,False,False,False
42681,100,100,False,1,0,1,0,False,False,False
42741,100,100,False,1,0,1,0,False,False,False
42801,100,100,False,1,0,1,0,False,False,False
42861,100,100,False,0,0,1,0,False,False,False
42921,100,100,False,0,0,1,0,False,False,False
42981,100,100,False,0,0,1,0,False,False,False
43041,100,100,False,0,0,1,0,False,False,False
43101,100,100,False,0,0,1,0,False,False,False
43161,100,100,False,0,0,1,0,False,False,False
43221,100,100,False,0,0,1,0,False,False,False
43281,100,100,False,0,0,1,0,False,False,False
43341,100,100,False,0,0,1,0,False,False,False
43401,100,100,False,0,0,1,0,False,False,False
43461,100,100,False,0,0,1,0,False,False,False
43521,100,100,False,0,0,1,0,False,False,False
43581,47,94,False,0,0,1,0,False,False,False
45021,100,100,True,0,0,0,0,False,False,False
45081,100,100,True,0,0,0,0,False,False,False
45141,100,100,True,0,0,0,0,False,False,False
45201,100,100,True,0,0,0,0,False,False,False
45261,100,100,True,0,0,0,0,False,False,False
45321,100,100,True,0,0,0,0,False,False,False
45381,100,100,True,0,0,0,0,False,False,False
45441,100,100,True,0,0,0,0,False,False,False
45501,100,100,True,0,0,0,0,False,False,False
45561,100,100,True,0,0,0,0,False,False,False
45621,76,95,True,0,0,0,0,False,False,False
45681,76,95,True,0,0,0,0,False,False,False
45741,76,95,True,0,0,0,0,False,False,False
45801,76,95,True,0,0,0,0,False,False,False
45861,76,95,True,0,0,0,0,False,False,False
45921,76,95,True,0,0,0,0,False,False,False
45981,76,95,True,0,0,0,0,False,False,False
46041,53,91,True,0,0,0,0,False,False,False
46101,53,91,True,0,0,0,0,False,False,False
46161,53,91,True,0,0,0,0,False,False,False
46221,53,91,True,0,0,0,0,False,False,False
46281,53,91,True,0,0,0,0,False,False,False
46341,53,91,True,0,0,0,0,False,False,False
46401,53,91,True,0,0,0,0,False,False,False
51321,100,100,False,0,0,0,0,False,False,False
51381,100,100,False,0,0,0,0,False,False,False
51441,100,100,False,0,0,0,0,False,False,False
51501,100,100,False,0,0,0,0,False,False,False
51561,100,100,False,0,0,0,0,False,False,False
51621,100,100,False,0,0,0,0,False,False,False
51681,100,100,False,0,0,0,0,False,False,False
51741,100,100,False,0,0,0,0,False,False,False
51801,100,100,False,0,0,0,0,False,False,False
51861,100,100,False,0,0,0,0,False,False,False
51921,100,100,False,0,0,0,0,False,False,False
51981,100,100,False,0,0,0,0,False,False,False
52041,100,100,False,0,0,0,0,False,False,False
52101,100,100,False,0,0,0,0,False,False,False
52161,100,100,False,0,0,0,0,False,False,False
52221,100,100,False,0,0,0,0,False,False,False
52281,100,100,False,0,0,0,0,False,False,False
52341,100,100,False,0,0,0,0,False,False,False
52401,100,100,False,0,0,0,0,False,False,False
52461,100,100,False,0,0,0,0,False,False,False
52521,100,100,False,0,0,0,0,False,False,False
52581,100,100,False,0,0,0,0,False,False,False
52641,100,100,False,0,0,0,0,False,False,False
52701,100,100,False,0,0,0,0,False,False,False
52761,100,100,False,0,0,0,0,False,False,False
52821,100,100,False,0,0,0,0,False,False,False
52881,100,100,False,0,0,0,0,False,False,False
52941,100,100,False,0,0,0,0,False,False,False
53001,100,100,False,0,0,0,0,False,False,False
53061,100,100,False,0,0,0,0,False,False,False
53121,100,100,False,0,0,0,0,False,False,False
53181,100,100,False,0,0,0,0,False,False,False
53241,100,100,False,0,0,0,0,False,False,False
53301,100,100,False,0,0,0,0,False,False,False
53361,100,100,False,0,0,0,0,False,False,False
53421,100,100,False,0,0,0,0,False,False,False
53481,88,100,False,0,0,0,0,False,False,False
55521,100,100,False,1,0,1,1,False,False,False
55581,100,100,False,1,0,1,1,False,False,False
55641,100,100,False,1,0,1,1,False,False,False
55701,100,100,False,1,0,1,1,False,False,False
55761,100,100,False,1,0,1,1,False,False,False
55821,100,100,False,1,0,1,1,False,False,False
55881,100,100,False,1,0,1,1,False,False,False
55941,100,100,False,1,0,1,1,False,False,False
56001,100,100,False,1,0,0,1,False,False,False
56061,100,100,False,1,0,0,1,False,False,False
56121,100,100,False,1,0,0,1,False,False,False
56181,100,100,False,1,0,0,1,False,False,False
56241,100,100,False,1,0,0,1,False,False,False
56301,100,100,False,1,0,0,1,False,False,False
56361,100,100,False,1,0,0,0,False,False,False
56421,100,100,False,1,0,0,0,False,False,False
56481,100,100,False,1,0,0,0,False,False,False
56541,100,100,False,1,0,0,0,False,False,False
56601,100,100,False,1,0,0,0,False,False,False
56661,100,100,False,1,0,0,0,False,False,False
56721,100,100,False,1,0,0,0,False,False,False
56781,100,100,False,1,0,0,1,False,False,False
56841,100,100,False,1,0,0,1,False,False,False
56901,100,100,False,1,0,0,1,False,False,False
56961,100,100,False,1,0,0,1,False,False,False
57021,100,100,False,1,0,0,1,False,False,False
57081,100,100,False,1,0,0,1,False,False,False
57141,100,100,False,1,0,0,1,False,False,False
57201,100,100,False,1,0,0,1,False,False,False
57261,100,100,False,1,0,0,1,False,False,False
57321,100,100,False,1,0,0,1,False,False,False
57381,100,100,False,1,0,0,1,False,False,False
57441,100,100,False,1,0,0,1,False,False,False
57501,100,100,False,1,0,0,1,False,False,False
57561,100,100,False,1,0,0,0,False,False,False
57621,100,100,False,1,0,0,0,False,False,False
57681,100,100,False,1,0,0,0,False,False,False
57741,100,100,False,1,0,0,0,False,False,False
57801,100,100,False,1,0,0,0,False,False,False
57861,100,100,False,1,0,0,1,False,False,False
57921,100,100,False,1,0,0,1,False,False,False
57981,100,100,False,1,0,0,1,False,False,False
59001,100,100,True,1,1,1,1,True,False,False
59061,100,100,True,1,1,1,1,True,False,False
59121,100,100,True,1,1,1,1,True,False,False
59181,100,100,True,1,1,1,1,True,False,False
59241,100,100,True,1,1,1,1,True,False,False
59301,100,100,True,1,1,1,1,True,False,False
59361,100,100,True,1,1,1,1,True,False,False
59421,100,100,True,1,1,1,1,True,False,False
59481,100,100,True,1,1,1,1,True,False,False
59541,100,100,True,1,1,1,1,True,False,False
59601,100,100,True,1,1,1,1,True,False,False
59661,100,100,True,1,1,1,1,True,False,False
59721,100,100,True,1,1,1,1,True,False,False
59781,100,100,True,1,1,1,1,True,False,False
59841,100,100,True,1,1,1,1,True,False,False
59901,100,100,True,1,1,1,1,True,False,False
59961,100,100,True,1,1,1,1,True,False,False
60021,100,100,True,1,1,1,1,True,False,False
60081,100,100,True,1,1,0,1,True,False,False
60141,100,100,True,1,1,0,1,True,False,False
60201,100,100,True,1,1,0,1,True,False,False
60261,100,100,True,1,1,0,1,True,False,False
60321,100,100,True,1,1,0,0,True,False,False
60381,100,100,True,1,1,0,0,True,False,False
60441,100,100,True,1,1,0,0,True,False,False
60501,88,100,True,1,1,0,0,True,False,False
60561,88,100,True,1,1,0,0,True,False,False
60621,88,100,True,1,1,0,0,True,False,False
60681,88,100,True,1,1,0,0,True,False,False
60741,88,100,True,1,1,0,0,True,False,False
60801,88,100,True,0,1,0,0,True,False,False
60861,88,100,True,0,1,0,0,True,False,False
60921,88,100,True,0,1,0,0,True,False,False
60981,62,100,True,0,1,0,0,True,False,False
61041,34,97,True,0,1,0,0,True,False,False
61101,34,97,True,0,1,0,0,True,False,False
61161,34,97,True,0,1,0,0,True,False,False
61221,34,97,True,0,1,0,0,True,False,False
61281,34,97,True,0,1,0,0,True,False,False
61341,34,97,True,0,1,0,0,True,False,False
61401,34,97,True,0,1,0,0,True,False,False
61461,34,97,True,0,1,0,0,True,False,False
61521,34,97,True,0,1,0,0,True,False,False
61581,34,97,True,0,1,0,0,True,False,False
61641,34,97,True,0,1,0,0,True,False,False
61701,34,97,True,0,1,0,0,True,False,False
61761,34,97,True,0,1,0,0,True,False,False
61821,34,97,True,0,1,0,0,True,False,False
61881,34,97,True,0,1,0,0,True,False,False
61941,34,97,True,0,1,0,0,True,False,False
62001,34,97,True,0,1,0,0,True,False,False
62061,34,97,True,0,1,0,0,True,False,False
62121,34,97,True,0,1,0,0,True,False,False
62181,34,97,True,0,1,0,0,True,False,False
62241,34,97,True,0,1,0,0,True,False,False
62301,34,97,True,0,1,0,0,True,False,False
62361,34,97,True,0,1,0,0,True,False,False
62421,34,97,True,0,1,0,0,True,False,False
65181,100,100,True,1,1,1,1,True,False,False
65241,100,100,True,1,1,1,1,True,False,False
65301,100,100,True,1,1,1,1,True,False,False
65361,100,100,True,1,1,1,1,True,False,False
65421,100,100,True,1,1,1,1,True,False,False
65481,100,100,True,1,1,1,1,True,False,False
65541,100,100,True,1,1,1,1,True,False,False
65601,100,100,True,1,1,1,1,True,False,False
65661,100,100,True,1,1,1,1,True,False,False
65721,100,100,True,1,1,1,1,True,False,False
65781,100,100,True,1,1,1,1,True,False,False
65841,100,100,True,1,1,1,1,True,False,False
65901,100,100,True,1,1,1,1,True,False,False
65961,100,100,True,1,1,1,1,True,False,False
66021,100,100,True,1,1,1,1,True,False,False
66081,100,100,True,1,1,1,1,True,False,False
66141,100,100,True,1,1,1,1,True,False,False
66201,100,100,True,1,1,1,1,True,False,False
66261,100,100,True,1,1,1,1,True,False,False
66321,100,100,True,1,1,1,1,True,False,False
66381,71,96,True,1,1,1,1,True,False,False
73461,100,100,True,0,1,0,0,False,False,False
73521,100,100,True,0,1,0,0,False,False,False
73581,100,100,True,0,1,0,0,False,False,False
73641,100,100,True,0,1,0,0,False,False,False
73701,100,100,True,0,1,0,0,False,False,False
73761,100,100,True,0,1,0,0,False,False,False
73821,100,100,True,0,1,0,0,False,False,False
73881,100,100,True,0,0,0,0,False,False,False
73941,100,100,True,0,0,0,0,False,False,False
74001,100,100,True,0,0,0,0,False,False,False
74061,100,100,True,0,0,0,0,False,False,False
74121,100,100,True,0,0,0,0,False,False,False
74181,100,100,True,0,0,0,0,False,False,False
74241,100,100,True,0,0,0,0,False,False,False
74301,100,100,True,0,0,0,0,False,False,False
74361,100,100,True,0,0,0,0,False,False,False
74421,100,100,True,0,0,0,0,False,False,False
74481,100,100,True,0,0,0,0,False,False,False
78561,100,100,False,0,0,0,0,False,False,False
78621,100,100,False,0,1,0,0,False,False,False
78681,100,100,False,0,1,0,0,False,False,False
78741,100,100,False,0,1,0,0,False,False,False
78801,100,100,False,0,1,0,0,False,False,False
78861,100,100,False,0,0,0,0,False,False,False
78921,100,100,False,0,0,0,0,False,False,False
78981,100,100,False,0,0,0,0,False,False,False
79041,100,100,False,0,0,0,0,False,False,False
79101,100,100,False,0,0,0,0,False,False,False
79161,100,100,False,0,0,0,0,False,False,False
79221,100,100,False,0,0,0,0,False,False,False
79281,100,100,False,0,0,0,0,False,False,False
79341,100,100,False,0,0,0,0,False,False,False
79401,100,100,False,0,0,0,0,False,False,False
79461,100,100,False,0,0,0,0,False,False,False
79521,100,100,False,0,0,0,0,False,False,False
79581,100,100,False,0,0,0,0,False,False,False
79641,100,100,False,0,0,0,0,False,False,False
79701,100,100,False,0,0,0,0,False,False,False
79761,100,100,False,0,0,0,0,False,False,False
79821,100,100,False,0,0,0,0,False,False,False
79881,100,100,False,0,0,0,0,False,False,False
79941,100,100,False,0,0,0,0,False,False,False
80001,100,100,False,0,0,0,0,False,False,False
80061,100,100,False,0,0,0,0,False,False,False
80121,100,100,False,0,0,0,0,False,False,False
80181,100,100,False,0,0,0,0,False,False,False
80241,100,100,False,0,0,0,0,False,False,False
80301,100,100,False,0,0,0,0,False,False,False
80361,100,100,False,0,0,0,0,False,False,False
80421,100,100,False,0,0,0,0,False,False,False
80481,100,100,False,0,0,0,0,False,False,False
80541,100,100,False,0,0,0,0,False,False,False
80601,100,100,False,0,0,0,0,False,False,False
80661,100,100,False,0,0,0,0,False,False,False
80721,100,100,False,0,0,0,0,False,False,False
80781,100,100,False,0,0,0,0,False,False,False
80841,100,100,False,0,0,0,0,False,False,False
80901,100,100,False,0,0,0,0,False,False,False
80961,100,100,False,0,0,0,0,False,False,False
81021,100,100,False,0,0,0,0,False,False,False
81081,100,100,False,0,0,0,0,False,False,False
81141,100,100,False,0,0,0,0,False,False,False
81201,100,100,False,0,0,0,0,False,False,False
81261,100,100,False,0,0,0,0,False,False,False
81321,100,100,False,0,0,0,0,False,False,False
81381,100,100,False,0,0,0,0,False,False,False
81441,100,100,False,0,0,0,0,False,False,False
81501,100,100,False,0,0,0,0,False,False,False
81561,100,100,False,0,0,0,0,False,False,False
81621,100,100,False,0,0,0,0,False,False,False
81681,100,100,False,0,0,0,0,False,False,False
81741,100,100,False,0,0,0,0,False,False,False
81801,100,100,False,0,0,0,0,False,False,False
81861,100,100,False,0,0,0,0,False,False,False
81921,100,100,False,0,0,0,0,False,False,False
81981,100,100,False,0,0,0,0,False,False,False
82041,100,100,False,0,0,0,0,False,False,False
82101,100,100,False,0,0,0,0,False,False,False
82161,100,100,False,0,0,0,0,False,False,False
82221,100,100,False,0,0,0,0,False,False,False
82281,100,100,False,0,0,0,0,False,False,False
82341,100,100,False,0,0,0,0,False,False,False
82401,100,100,False,0,0,0,0,False,False,False
82461,100,100,False,0,0,0,0,False,False,False
82521,100,100,False,0,0,0,0,False,False,False
82581,100,100,False,0,0,0,0,False,False,False
82641,100,100,False,0,0,0,0,False,False,False
82701,100,100,False,0,0,0,0,False,False,False
82761,100,100,False,0,0,0,0,False,False,False
82821,100,100,False,0,0,0,0,False,False,False
82881,100,100,False,0,0,0,0,False,False,False
82941,100,100,False,0,0,0,0,False,False,False
83001,100,100,False,0,0,0,0,False,False,False
84921,100,100,True,1,1,0,0,False,True,False
84981,100,100,True,1,1,0,0,False,True,False
85041,100,100,True,1,1,0,0,False,True,False
85101,100,100,True,1,1,0,0,False,True,False
85161,100,100,True,0,1,0,0,False,True,False
85221,100,100,True,0,1,0,0,False,True,False
85281,100,100,True,0,1,0,0,False,True,False
85341,100,100,True,0,1,0,0,False,True,False
85401,100,100,True,1,1,0,0,False,True,False
85461,100,100,True,1,0,0,0,False,True,False
85521,100,100,True,1,0,0,0,False,True,False
85581,100,100,True,1,0,0,0,False,True,False
85641,100,100,True,0,0,0,0,False,True,False
85701,87,92,True,0,0,0,0,False,True,False
85761,87,92,True,0,0,0,0,False,True,False
85821,87,92,True,0,0,0,0,False,True,False
85881,87,92,True,0,0,0,0,False,True,False
85941,87,92,True,1,0,0,0,False,True,False
86001,87,92,True,1,0,0,0,False,True,False
87441,100,100,False,0,0,0,0,False,False,False
87501,100,100,False,0,0,0,0,False,False,False
87561,100,100,False,0,0,0,0,False,False,False
87621,100,100,False,0,0,0,0,False,False,False
87681,100,100,False,0,0,0,0,False,False,False
87741,100,100,False,0,0,0,0,False,False,False
87801,100,100,False,0,0,0,0,False,False,False
87861,100,100,False,0,0,0,0,False,False,False
87921,100,100,False,0,0,0,0,False,False,False
87981,100,100,False,0,0,0,0,False,False,False
88041,100,100,False,0,0,0,0,False,False,False
88101,100,100,False,0,0,0,0,False,False,False
88161,100,100,False,0,0,0,0,False,False,False
88221,100,100,False,0,0,0,0,False,False,False
88281,100,100,False,0,0,0,0,False,False,False
88341,100,100,False,0,0,0,0,False,False,False
88401,100,100,False,0,0,0,0,False,False,False
88461,100,100,False,0,0,0,0,False,False,False
88521,100,100,False,0,0,0,0,False,False,False
88581,100,100,False,0,0,0,0,False,False,False
88641,100,100,False,0,0,0,0,False,False,False
88701,100,100,False,0,0,0,0,False,False,False
88761,100,100,False,0,0,0,0,False,False,False
88821,100,100,False,0,0,0,0,False,False,False
88881,100,100,False,0,0,0,0,False,False,False
88941,100,100,False,0,0,0,0,False,False,False
89001,100,100,False,0,0,0,0,False,False,False
89061,100,100,False,0,0,0,0,False,False,False
89121,100,100,False,0,0,0,0,False,False,False
89181,100,100,False,0,0,0,0,False,False,False
89241,100,100,False,0,0,0,0,False,False,False
89301,100,100,False,0,0,0,0,False,False,False
89361,100,100,False,0,0,0,0,False,False,False
89421,100,100,False,0,0,0,0,False,False,False
89481,100,100,False,0,0,0,0,False,False,False
89541,100,100,False,0,0,0,0,False,False,False
89601,100,100,False,0,0,0,0,False,False,False
89661,100,100,False,0,0,0,0,False,False,False
89721,100,100,False,0,0,0,0,False,False,False
89781,100,100,False,0,0,0,0,False,False,False
89841,100,100,False,0,0,0,0,False,False,False
89901,100,100,False,0,0,0,0,False,False,False
89961,100,100,False,0,0,0,0,False,False,False
90021,100,100,False,0,0,0,0,False,False,False
90081,100,100,False,0,0,0,0,False,False,False
90141,100,100,False,0,0,0,0,False,False,False
90201,100,100,False,0,0,0,0,False,False,False
90261,100,100,False,0,0,0,0,False,False,False
90321,100,100,False,0,0,0,0,False,False,False
90381,100,100,False,0,0,0,0,False,False,False
90441,100,100,False,0,0,0,0,False,False,False
90501,100,100,False,0,0,0,0,False,False,False
90561,100,100,False,0,0,0,0,False,False,False
90621,100,100,False,0,0,0,0,False,False,False
90681,100,100,False,0,0,0,0,False,False,False
90741,100,100,False,0,0,0,0,False,False,False
90801,89,98,False,0,0,0,0,False,False,False
93321,100,100,True,1,1,0,1,False,False,False
93381,100,100,True,1,1,0,1,False,True,False
93441,100,100,True,1,1,0,1,False,True,False
93501,100,100,True,1,1,0,1,False,True,False
93561,100,100,True,1,1,0,1,False,True,False
93621,100,100,True,1,1,0,1,False,True,False
93681,100,100,True,1,1,0,1,False,True,False
93741,100,100,True,1,1,0,1,False,True,False
93801,100,100,True,1,1,0,1,False,True,False
93861,100,100,True,1,1,0,1,False,True,False
93921,100,100,True,1,1,0,1,False,True,False
93981,100,100,True,1,1,0,1,False,True,False
94041,100,100,True,1,1,0,1,False,True,False
94101,100,100,True,1,1,0,1,False,True,False
94161,100,100,True,1,1,0,1,False,True,False
94221,100,100,True,1,1,0,1,False,True,False
94281,100,100,True,1,1,0,1,False,True,False
94341,100,100,True,1,1,0,1,False,True,False
94401,100,100,True,1,1,0,1,False,True,False
94461,100,100,True,1,1,0,1,False,True,False
94521,100,100,True,1,1,0,1,False,True,False
94581,100,100,True,1,1,0,1,False,True,False
94641,100,100,True,1,1,0,1,False,True,False
94701,100,100,True,1,1,0,1,False,True,False
94761,100,100,True,1,1,0,1,False,True,False
94821,100,100,True,1,1,0,1,False,True,False
94881,100,100,True,1,1,0,1,False,True,False
94941,100,100,True,1,1,0,1,False,True,False
95001,100,100,True,1,1,0,1,False,True,False
95061,100,100,True,1,1,0,1,False,False,False
95121,100,100,True,1,1,0,1,False,False,False
95181,100,100,True,1,1,0,1,False,False,False
95241,100,100,True,1,1,0,1,False,False,False
95301,100,100,True,1,1,0,1,False,False,False
95361,100,100,True,0,1,0,1,False,False,False
95421,100,100,True,0,1,0,1,False,False,False
95481,100,100,True,0,1,0,1,False,False,False
95541,100,100,True,0,1,0,1,False,False,False
95601,100,100,True,0,1,0,1,False,False,False
95661,100,100,True,0,1,0,1,False,False,False
95721,100,100,True,0,1,0,1,False,False,False
95781,100,100,True,0,1,0,1,False,False,False
95841,100,100,True,0,1,0,1,False,False,False
95901,100,100,True,0,1,0,1,False,False,False
95961,100,100,True,0,1,0,1,False,False,False
96021,100,100,True,0,1,0,1,False,False,False
96081,100,100,True,0,1,0,1,False,False,False
96141,100,100,True,0,1,0,1,False,False,False
96201,100,100,True,0,1,0,1,False,False,False
96261,100,100,True,0,1,0,1,False,False,False
96321,100,100,True,0,1,0,1,False,False,False
103161,100,100,True,1,1,0,1,False,False,False
103221,100,100,True,1,1,0,1,False,False,False
103281,100,100,True,1,1,0,1,False,False,False
103341,100,100,True,1,1,0,1,False,False,False
103401,100,100,True,1,1,0,1,False,False,False
103461,100,100,True,1,1,0,1,False,False,False
103521,100,100,True,1,1,0,1,False,False,False
103581,100,100,True,1,1,0,1,False,False,False
103641,100,100,True,1,1,0,1,False,False,False
103701,100,100,True,1,1,0,1,False,False,False
103761,100,100,True,1,1,0,1,False,False,False
103821,100,100,True,1,1,0,1,False,False,False
103881,100,100,True,1,1,0,1,False,False,False
103941,100,100,True,1,1,0,1,False,False,False
104001,100,100,True,1,1,0,1,False,False,False
104061,100,100,True,1,1,0,1,False,False,False
104121,100,100,True,1,1,0,1,False,False,False
104181,100,100,True,1,1,0,1,False,False,False
104241,100,100,True,1,1,0,1,False,False,False
104301,100,100,True,1,1,0,1,False,False,False
104361,100,100,True,1,1,0,1,False,False,False
104421,100,100,True,1,1,0,1,False,False,False
104481,100,100,True,1,1,0,1,False,False,False
104541,100,100,True,1,1,0,1,False,False,False
104601,100,100,True,1,1,0,1,False,False,False
104661,100,100,True,1,1,0,1,False,False,False
104721,100,100,True,1,1,0,1,False,False,False
104781,100,100,True,1,1,0,1,False,False,False
104841,100,100,True,1,1,0,1,False,False,False
104901,100,100,True,1,1,0,1,False,False,False
104961,100,100,True,1,1,0,1,False,False,False
105021,100,100,True,1,1,0,1,False,False,False
105081,100,100,True,1,1,0,1,False,False,False
105141,100,100,True,1,1,0,1,False,False,False
105201,100,100,True,1,1,0,1,False,False,False
105261,100,100,True,1,1,0,1,False,False,False
105321,21,87,True,1,1,0,1,False,False,False
105381,21,87,True,1,1,0,1,False,False,False
105441,21,87,True,1,1,0,1,False,False,False
105501,21,87,True,1,1,0,0,False,False,False
105561,21,87,True,1,1,0,0,False,False,False
105621,21,87,True,1,1,0,0,False,False,False
105681,21,87,True,1,1,0,0,False,False,False
105741,21,87,True,1,1,0,0,False,False,False
105801,21,87,True,1,1,0,0,False,False,False
105861,21,87,True,1,1,0,0,False,False,False
105921,21,87,True,1,1,0,0,False,False,False
105981,21,87,True,1,1,0,0,False,False,False
106041,21,87,True,1,1,0,0,False,False,False
106101,21,87,True,1,1,0,0,False,False,False
106161,21,87,True,1,1,0,0,False,False,False
106221,21,87,True,1,1,0,0,False,False,False
106281,21,87,True,1,1,0,0,False,False,False
106341,21,87,True,1,1,0,0,False,False,False
106401,21,87,True,1,1,0,0,False,False,False
106461,21,87,True,1,1,0,0,False,False,False
106521,21,87,True,1,1,0,0,False,False,False
106581,21,87,True,1,1,0,0,False,False,False
106641,21,87,True,1,1,0,0,False,False,False
106701,21,87,True,1,1,0,0,False,False,False
106761,21,87,True,1,1,0,0,False,False,False
106821,21,87,True,1,1,0,0,False,False,False
106881,21,87,True,1,1,0,0,False,False,False
106941,21,87,True,1,1,0,0,False,False,False
107001,21,87,True,1,1,0,0,False,False,False
107061,21,87,True,1,1,0,0,False,False,False
107121,21,87,True,1,1,0,0,False,False,False
107181,21,87,True,1,1,0,0,False,False,False
107241,21,87,True,1,1,0,0,False,False,False
107301,21,87,True,1,1,0,0,False,False,False
107361,21,87,True,1,1,0,0,False,False,False
107421,21,87,True,1,1,0,0,False,False,False
107481,21,87,True,1,1,0,0,False,False,False
107541,21,87,True,1,1,0,0,False,False,False
107601,21,87,True,1,1,0,0,False,False,False
107661,21,87,True,1,1,0,0,False,False,False
107721,21,87,True,1,1,0,0,False,False,False
107781,7,85,True,1,1,0,0,False,False,False
107841,7,85,True,1,1,0,0,False,False,False
107901,7,85,True,1,1,0,0,False,False,False
107961,7,85,True,1,1,0,0,False,False,False
109461,100,100,True,1,0,1,0,False,False,False
109521,100,100,True,1,0,1,0,False,False,False
109581,100,100,True,1,0,1,0,False,False,False
109641,100,100,True,1,0,1,0,False,False,False
109701,100,100,True,1,0,1,0,False,False,False
109761,100,100,True,1,0,1,0,False,False,False
109821,100,100,True,1,0,1,0,False,False,False
109881,100,100,True,1,0,1,0,False,False,False
109941,100,100,True,1,0,1,0,False,False,False
110001,100,100,True,1,0,1,0,False,False,False
110061,100,100,True,1,0,1,0,False,False,False
111741,100,100,True,1,0,0,0,False,False,False
111801,100,100,True,1,0,0,0,False,False,False
111861,100,100,True,1,0,0,0,False,False,False
111921,100,100,True,1,0,0,0,False,False,False
111981,100,100,True,1,0,0,0,False,False,False
112041,100,100,True,1,0,0,0,False,False,False
112101,100,100,True,1,0,0,0,False,False,False
112161,100,100,True,1,0,0,0,False,False,False
112221,100,100,True,1,0,0,0,False,False,False
112281,100,100,True,1,0,0,0,False,False,False
112341,100,100,True,1,0,0,0,False,False,False
112401,100,100,True,1,0,0,0,False,False,False
112461,100,100,True,1,0,0,0,False,False,False
112521,100,100,True,1,0,0,0,False,False,False
112581,100,100,True,1,0,0,0,False,False,False
112641,100,100,True,1,0,0,0,False,False,False
112701,100,100,True,1,0,0,0,False,False,False
112761,100,100,True,1,0,0,0,False,False,False
112821,100,100,True,1,0,0,0,False,False,False
112881,100,100,True,1,0,0,0,False,False,False
112941,100,100,True,1,0,0,0,False,False,False
113001,100,100,True,1,0,0,0,False,False,False
113061,90,93,True,1,0,0,0,False,False,False
113121,63,90,True,1,0,0,0,False,False,False
113181,63,90,True,1,0,0,0,False,False,False
113241,63,90,True,1,0,0,0,False,False,False
113301,63,90,True,1,0,0,0,False,False,False
113361,63,90,True,1,0,0,0,False,False,False
113421,63,90,True,1,0,0,0,False,False,False
113481,63,90,True,1,0,0,0,False,False,False
113541,63,90,True,1,0,0,0,False,False,False
113601,63,90,True,1,0,0,0,False,False,False
113661,63,90,True,1,0,0,0,False,False,False
113721,63,90,True,1,0,0,0,False,False,False
113781,63,90,True,1,0,0,0,False,False,False
